SMILES,AA
O=C(O)[C@@H](C)[NH3+],A
O=C(O)C([NH3+])CCCNC(=N)[NH3+],R
NC(=O)CC([NH3+])C(=O)O,N
O=C(O)C([NH3+])CC(=O)[O-],D
O=C(O)C([NH3+])CS,C
NC(=O)CCC([NH3+])C(=O)O,Q
O=C(O)C([NH3+])CCC(=O)[O-],E
O=C(O)C[NH3+],G
O=C(O)C([NH3+])Cc1c[nH]cn1,H
O=C(O)C([NH3+])C(C)CC,I
O=C(O)C([NH3+])CC(C)C,L
O=C(O)C([NH3+])CCCC[NH3+],K
O=C(O)C([NH3+])CCSC,M
O=C(O)C([NH3+])Cc1ccccc1,F
O=C(O)C1CCC[NH2+]1,P
O=C(O)C([NH3+])CO,S
O=C(O)C([NH3+])C(C)O,T
O=C(O)C([NH3+])Cc1c[nH]c(c12)cccc2,W
O=C(O)C([NH3+])Cc1ccc(O)cc1,Y
O=C(O)C([NH3+])C(C)C,V
