Sequence,class
RRPWRWPRWPWRR,active
RPGLTLCTVAGWG,active
IKDLDDFGEEELF,nonactive
WWRQGWWKLKKGA,nonactive
TILQLGQGLINLE,nonactive
FLPILGNLLSGLL,active
HHHADWGKVKSKV,nonactive
PKAECHSHCLWYA,nonactive
RLPWRWPRRPWRR,active
FMPIIGRLMSGSL,active
FEGRALIKQEDFG,nonactive
SQALGVSSGLLKT,nonactive
FLPLVTMLLGKLF,active
RRPWRWPWWPWRR,active
LIVLDDIDNKDHY,nonactive
LLPWKWPWWKWRR,active
RDFFPGLITRLNN,nonactive
KWFRVYRGIYRRR,active
NTYGMVCHRHCRE,nonactive
FLPIITNLLGKLL,active
FLSIIAKVLGSLF,active
FLSSIGKILGNLL,active
HWIVLNHNGQIKG,nonactive
VNELKDIEQVSRL,nonactive
CYKMREMMGCASH,nonactive
YLHHGLVIWLDGS,nonactive
FFSALLSGIKSLF,active
LLRHVVKILEKYL,active
LYPFWWPLYVTAK,nonactive
PHGLVETRMPNVW,nonactive
RVQMRTAQHDQFK,nonactive
FLPLILRKIVTAL,active
HITVKNSTWYSKI,nonactive
FLPLLASLFSRLL,active
MDAPDGAVVGYAL,nonactive
HSWRQWRKILSGR,nonactive
WGIHRILKYGKPS,active
WGIRDILKYGKPS,active
WGIRRILKYGKRS,active
HYLYAQTSNMVIN,nonactive
FLPLLFGAISHLL,active
ILPLVGNLLNDLL,active
VKQGMAYMTMNWF,nonactive
QKIAEKFSGTRRG,active
KKIAELDKQIDHD,nonactive
RKYTAIQGGSYVW,nonactive
ECMDRDGHCRGEW,nonactive
VRRFAWWWAFLRR,active
VRRFPFFFPFLRR,active
VRRFGWWWGFLRR,active
WPRDNVWGYYRLE,nonactive
NAHKGQIKWCSLK,nonactive
FLPILGKLLSGIL,active
IAHSHGNDARSKF,nonactive
FVPWFSKFLPRIL,active
RALTSQDWRNHSL,nonactive
LLRKSPGGGREEE,nonactive
RHIAIWACICHAF,nonactive
QIQNIHACKAPHG,nonactive
DCRRMIEGPCGCQ,nonactive
HGLNPNAVKAMKE,nonactive
FIGGIISFFKRLF,active
FFGKVLKLIRKIF,active
FIGGIISFIKKLF,active
KLGTKFSQKILSN,nonactive
NAKAVNLWNVAFA,nonactive
PGTSGGLGQSELR,nonactive
LHKCNMAAGTYGI,nonactive
WLGERWVVQTVLP,nonactive
GETVGGDEIVMVI,nonactive
FLPFVGNLLKGLL,active
IDNMKMFLKEEAM,nonactive
QHYMNYQGQGSQL,nonactive
INLKAIAALARNY,active
FRDASVVPALVHN,nonactive
CAIGSSKSNIGHC,nonactive
FLPLVGKILSGLI,active
RLFRHAFKAVLRL,active
RERSKGSKYLYVG,active
TALSTAIHVTKSY,nonactive
FLSTIWNGIKSLL,active
LLGIETIKLLQAS,nonactive
FIKWKFRWWKWRK,active
TSRCIFYRRKKCS,active
IFGAIWKGISSLL,active
TGQLFDISSISPK,nonactive
EQSLPEVKQPMGV,nonactive
FLPAIAGILSQLF,active
VSLNYTKVEQLCS,nonactive
EATTQSRAGREEE,nonactive
FVQWFSKFLGRIL,active
SVTDNPLIDVDNQ,nonactive
PVESPAERVAAKS,nonactive
ERCFTQQEQQLCN,nonactive
SGFVLKGYTKTSQ,active
ILAWKWAWWAWRR,active
PAELVENKEVMSF,nonactive
IASVVIEDRGWPV,nonactive
ILPFLAGLFSKIL,active
RLFDKIRQVIRKF,active
SPPSEQLGKSFNF,active
FLPVIAGVLSKLF,active
FFAMQVPWAPPYV,nonactive
FIGGIISLIKKLF,active
VGMWMWENWCDVR,nonactive
LIDCQLTVTTICP,nonactive
YGIENETEISLFN,nonactive
CLWHPLHMQPRCH,nonactive
IFKAIWSGIKSLF,active
FIKRIARLLRKIF,active
SCTTCECSCSCSS,active
CYGYYPRNWEKMP,nonactive
CCVACLCWSKPLF,nonactive
LKNVVFAADLSNA,nonactive
CGPAYGRDHVGKT,nonactive
DDGYVFEIEKFVF,nonactive
FFGSVLKLIPKIL,active
FITGLISGLMKAL,active
KMDSRWRWKSSKK,active
FLPGLIAGIAKML,active
GLFDIVKKLVSDF,active
GLFDKLKSLVSDF,active
AWEYSCGVYNMWL,nonactive
FLGALAKIISGIF,active
FIGAVAGLLSKIF,active
PWHTLYLIPVSVI,nonactive
WWDIFDVMPSPGQ,nonactive
FLPLVTGLLSGLL,active
FLPIIGKLLSGLL,active
IFSAIAGLLSNLL,active
SQTQSREECSWSR,nonactive
YGYSDQKGKHMCA,nonactive
HSDIHKGRKIHQC,nonactive
FFPVIGRILNGIL,active
ILSYLWNGIKSIF,active
FMPILSCSRFKRC,active
AGQPHSSSDAAQA,nonactive
QVNPSKRLDHLQR,nonactive
INWKKGKEVLKAL,active
HHTFQWEWHTKIK,nonactive
VIPIVSGLLSSLL,active
SSSLLNTAWRKFG,active
FLPLIGRVLSGIL,active
FISAIASFLGKFL,active
ILPILGNLLNSLL,active
FISAIASMLGKFL,active
FLGALWNVAKSVF,active
KWPWTHGFVVTRR,nonactive
WNDTGKDADGSEY,active
FLSTLWNAAKSIF,active
FLIIRRPIVLGLL,active
LLPILGNLLNGLL,active
VLPIIGNLLNSLL,active
FLPIPRPILLGLL,active
IWSAIWSGIKGLL,active
ETFFCGDCDDFDA,nonactive
GDFKVIYCLGEKI,nonactive
WFDNVFPARVFWD,nonactive
KGKYFLFSEMERW,nonactive
LKKLLKWLLKLLK,active
KALEMEESPLERR,nonactive
FLPLIGKVLSGIL,active
FLPIIAKLLGGLL,active
FFPIVGKRLYGLL,active
NQPMFTDHGTFII,nonactive
RLCRIVPVIRVCR,active
IWQFNFSMADAPP,nonactive
ILPILAPLIGGLL,active
WFVKQLINLRMPN,nonactive
IPPFIKKVLTTVF,active
FIPLVSGLFSRLL,active
FISGLIGGLMKAL,active
AMYHPICRCMTYI,nonactive
FIRWRFRWWRWRR,active
FLGGLLASLLGKI,active
GFGMALKLLKKVL,active
NSNWWNFVYGGLQ,nonactive
HAKWMGHEILPAM,nonactive
QFASHNVEPSYEN,nonactive
RASPSILDTILID,nonactive
CQYAFVFLCPIPE,nonactive
LLPIVGKLLSGLL,active
FLPFLAGLFGKIF,active
YPELQQDLIARLL,active
FLPFLATLLSKVL,active
FLPIIAKVLSGLL,active
FLPFLASLLTKVL,active
FLPLFASLIGKLL,active
FLPFLAKILTGVL,active
PLAQSVAFRDLPL,nonactive
KRTVGEEVTTDMR,nonactive
VLPLISMALGKLL,active
GLFDIIKNIFSGL,active
GLFDIIKNIVSTL,active
FLPFLKSILGKIL,active
IGFYITSWQFVRY,nonactive
KKCTKPLVLWEEM,nonactive
FLPVIAGLLSKLF,active
EGLTKERFLDCIA,nonactive
VTGKNACASLDWS,nonactive
ILGKILKGIKKLF,active
EGGGPQWAVGHFM,active
HIFWPGYYDIEKF,nonactive
FLPIIGQLLSGLL,active
KGVMFYVMCWQFT,nonactive
FLSAITSLLGKLL,active
FLSAITSILGKFF,active
ILGKIWKGIKSLF,active
FLPLLGNLLRGLL,active
APHNNFRGLAFIT,nonactive
QLYENKPRRPYIL,active
ILGKILEGIKSLF,active
AVPAVRKTNETLD,active
LMMTKSEYVVEAD,nonactive
HNSGSEPSLSRQR,nonactive
GKIIKLKASLKLL,active
DGDAIWHHHKHYL,nonactive
FLPLLASLFSGLF,active
PHKKMHKDFLEKI,nonactive
FMWFSRVCMTWAD,nonactive
DDMQIDVCTVANL,nonactive
ILGKIAEGIKSLF,active
ILGKIWEGIKSLF,active
INVCHVVFFLMHD,nonactive
QKNIMQMSEVGFE,nonactive
RRRVRCQDQRWPQ,nonactive
FLPFVGKLLSGLL,active
NQRHASAGAGGHH,nonactive
KLLNVPMEYLTAA,nonactive
FLPLLAGLAAKWF,active
GWFDVVKHIASAV,active
ILGEIWKGIKDIL,active
GLLSLLSLLGKLL,active
HNDTCEEEHLYPW,nonactive
IFGAIWNGIKSLF,active
LRHKVYGYCVLGP,active
DIVDFGLEDQVCY,nonactive
GKGSWSKKIEVIA,active
ERDTDRVSRYNFV,nonactive
FLGGLWKAMSNLL,active
YIGANHDPRSLPA,nonactive
DVFNKLMSFQKKL,nonactive
KSRADILRGYQAD,nonactive
FLPLIAGLIGKLF,active
IRANMCFMEWTKW,nonactive
IFGAIAGLLKNIF,active
KVTKSVKSIPVKI,active
FLGGILNTITGLL,active
GLWGSAQVFMLDC,nonactive
FLPIVGRLISGLL,active
VKGSWSKKFEVIA,active
