sequence,class
QNDKIHPFAQTQSLVYPFGPIPNSLPQNIPPLTQTPVVV,1
AQTQSLVYPFPGPIPNSLPQNIPPLTQ,1
QNDKIHPFAQTQSLVYPFGPIP,1
QDKIHPFAQTQSLVYPFPGP,1
LVYPFPGPIPNSLPQNIPP,0
MAPKHKEMPFPKYPVEPF,1
YQQPVLGPVRGPFPIIV,1
YQEPVLGPVRGPFPIIV,1
APKHKEMPFPKYPVEPF,1
ENGLPVHLDQSIFRRP,0
YQQPVLGPVRGPFPII,1
YQQPVLGPVRGPFPI,1
ENGLPVHLDQSIFRR,0
DKIYPSFQPQPLIYP,0
QPVLGPVRGPFPIIV,1
YQEPVLGPVRGPFPI,1
KIYPSFQPQPLIYP,0
PVLGPVRGPFPIIV,1
RGPPFIVRGPPFIV,1
KVHSSIQSQPQAFT,0
KFHSGIQSEPKAIP,0
KIHPFAQTQSLVYP,0
QQPVLGPVRGPFPI,1
IHPFAQTQSLVYP,0
QLFNPSTNPWHSP,1
QLFGPNVNPWHNP,1
FFVAPFPFEVFGK,0
FHSGIQSEPKAIP,0
VPLGTQYTDAPSF,1
IYPSFQPQPLIYP,0
GKHQQEEENEGG,1
HSGIQSEPKAIP,0
HSSIQSQPQAFT,0
NFNNQLDQQTPR,1
HPFAQTQSLVYP,0
RPFFRPFFRPFF,1
GAAELPCSADWW,0
FFVAPFPEVFGK,1
TDVENLHLPPLL,1
LVYPFPGPIHN,1
ALNEINQFYQK,0
GGRGPPFIVGG,1
MPFPKYPVEPF,1
PSFQPQPLIYP,0
PANLPWGSSNV,0
QLFNPSTNPWH,1
GPVRGPFPIIV,1
SGIQSEPKAIP,0
RDMPIQAFLLY,1
LLNPPHQIYP,0
VYPFPPGINH,1
YPFPGPIHNS,1
GHKIATFQER,0
NALEPDHRVE,1
AGNPDIEHPE,1
FAQTQSLVYP,0
VYPFPPGIGG,1
SAYPGQITSN,0
SFQPQPLIYP,0
GIQSEPKAIP,0
YLGYLEQLLR,1
PVRGPFPIIV,1
VYPFPPIGNH,1
FFRPFFRPFF,1
GKKIATYQER,0
NIPPLTQTPV,0
VYPFGGGINH,1
IQSEPKAIP,0
ALKAWSVAR,0
LENLHLPLP,0
EPIPYGFLP,0
RMLGQTPTK,0
VVVPPFLQP,1
LDAQSAPLR,0
IQSQPQAFP,0
QSKVLPVPQ,1
RGPPFIVGG,1
RGPPGGGFF,1
LNVPGEIVE,0
LVVYPWTQR,0
QVSLNSGYY,0
IVGRPRHQG,0
RMLGQTPWK,0
GPAGAPGAA,0
RMLGNTPTK,0
GGRGPPFIV,1
QLFNPSTNP,1
AMKPWIQPK,0
ALNEINQFY,0
KKIATYQER,0
FQPQPLIYP,0
MIFPGGPQL,0
IVGRRRHQG,0
VVYPWTQRF,1
AQTQSLVYP,0
RPKHPIKHQ,1
PFPGPIPNS,1
LNPPHQIYP,0
GGRPFFGG,1
LGYLEQLL,1
PTHIKWGD,0
KLHENIAR,1
FGASTRGA,0
NPPHQIYP,0
ENLHLPLP,0
FALPQYLK,1
PSKIKWGD,0
DAYPSGAW,0
QPQPLIYP,0
RGPFPIIV,1
KAVPYPPQ,1
RGPEPIIV,1
LKVGVKQY,0
GNPDIEHP,1
RGPGPIIV,1
MKPWIQPK,0
NRVYVHPF,0
RGPPFIIV,1
PFFDPQIP,0
VYPFPPGI,1
RGPPGGFF,1
APFPEVFG,1
RPFFRPFF,1
FPFEVFGK,0
LAGNQEEE,1
NMAINPSK,0
FFGRCVSP,0
ERKIKVYL,0
RRPPPFFF,1
RGPKPIIV,1
QSQPQAFP,0
VIIPFPGR,1
QSEPKAIP,0
KVREGTTY,0
QTQSLVYP,0
PANIKWGD,0
ALEPDHR,1
VIPFPGR,1
RPPPFFF,1
VIFPPGR,1
YPFPGPI,1
EQGGEQG,1
KVLPVPQ,0
FPQYLQY,0
RGPPGGV,1
RGPPFIV,1
ALPMHIR,0
APFPEVF,1
EQPQQNE,1
QVPQPIP,0
RGPPFFF,1
PPHQIYP,0
LHLPLPL,0
FKGRYYP,0
GPFPIIV,1
PQPLIYP,0
RGPPGGF,1
NLHLPLP,0
FYPELFR,1
LPQNILP,0
FQKVVAK,0
RGPFPIV,1
GYALPHA,0
IPQEVLP,0
IGTLAGA,1
YLEQLLR,1
RGPPGFG,1
AYFYPEL,1
LLYQQPV,0
FPEVFGK,0
PQTLALP,0
FQKVVAG,0
SEPKAIP,0
RGPPGFF,1
AVPYPQR,0
PFPGPIP,1
VYPFPPG,1
PGTAVFK,0
RGPPFGG,1
FGRCVSP,0
RGPPGIG,1
VVVPPFL,1
FRAEHPL,0
DMIPAQK,0
VIIPFPG,1
KVLPVP,0
PAVVLP,0
RPFFGG,1
RRPPGF,1
PVLGPV,1
GGRPFF,1
KPPFIV,1
PQEVLP,0
GLDIQK,0
PFPIIV,1
EPKAIP,0
EKDERF,0
RGPPGF,1
CMENSA,0
GKKVLQ,0
PGPGPG,1
PFPGPI,1
RGGFIV,1
DYGLYP,0
QSLVYP,0
GVYPHK,0
LAHKAL,0
RGPPFI,1
PPPVHL,0
GPFPVI,1
RRPPFF,1
HQAAGW,0
GGFFGG,1
NWGPLV,0
RPGGFF,1
VIFPPG,1
AMPKPW,0
FALPQY,0
FQKVVA,0
RGPFIV,1
LHLPLP,0
AYFYPE,0
FYPELF,1
DKIHPF,0
PQNILP,0
NIFYCP,0
PVRAVP,0
KVLAGM,0
VPPFLE,1
RADHPF,0
VPPFLQ,1
QPQAFP,0
KVREGT,0
PHQIYP,0
IKPLNY,0
FQKPKR,0
GMIYPG,1
AVNPIR,0
CWLPVY,0
FPPFIV,1
GPPFIV,1
LAYFYP,0
RGPPFF,1
QPLIYP,0
EMPFPK,0
GPFPII,1
RPPFIV,1
QLFNPS,1
RPGFF,1
AVPYP,0
IRPVQ,0
GLGGG,1
GGGLG,1
PNSHP,0
NNEDT,1
SAEFG,1
LPYPY,0
GGGGL,1
IWHHT,0
LALPP,0
LDIQK,0
PPFIV,1
AVVRP,0
IRAQQ,0
ALPHA,0
NLHLP,0
LGGGG,1
RRPFF,1
GRVMP,0
ITTNP,0
ALPMH,0
GVHGV,0
DFVAP,0
GGVVV,1
MNPPK,0
LEQLL,1
IAIPP,0
IYPRY,0
AMKPW,0
GGLGG,1
HQIYP,0
PQPIP,0
LYPVK,0
RGPPF,1
HLPLP,0
FFPGG,1
AYFYP,0
PLIYP,0
PGPIP,1
LKPMN,0
PVPQP,0
AKYSY,0
KDERF,0
YEGNS,1
NENLL,1
PSFQP,0
FFVAP,0
PQAFP,0
NALPE,1
PKAIP,0
GWAP,0
GPFF,1
AIPP,0
GGGL,1
FGGF,1
QAFT,0
HGLF,0
FFPG,1
FFGG,1
GGLG,1
LIYP,0
IYLL,0
HIRL,0
GPPF,1
LLLL,1
AHSY,0
FGFG,1
FFPE,1
RRPP,1
LQSW,0
AIYK,0
FFPP,1
RPGF,1
LHLP,0
NILP,0
IAIP,0
PFIV,1
IYPR,0
RPFG,1
NLQG,1
GDAP,0
EPAD,1
PFPP,1
RGFF,1
LFRQ,0
LVRT,0
FFPR,1
KAIP,0
LVYP,0
GGFF,1
RPFF,1
FYPE,1
LSPA,0
VYPF,1
ALPP,0
GLGG,1
QPIP,0
FYQQ,0
LNPA,0
LPLP,0
EVLN,1
FVAP,0
KFYG,0
LAMA,0
LQKW,0
LGGG,1
PFPE,0
GEP,0
LLG,1
PPP,1
KFY,0
LPP,0
FGK,0
KPK,1
AVP,0
IPA,0
YGG,1
GGF,1
LRY,0
FAP,0
FFG,1
LRW,0
ILP,0
LVE,0
FWN,0
PGR,1
GGL,1
LKA,0
WWW,1
RPF,1
HIR,0
HHL,0
KPF,1
GTW,0
FPF,1
PGP,1
PGG,1
IPP,0
FFF,1
RFH,0
GLP,0
LAY,0
GPL,0
GPV,0
LQP,0
LKP,0
IYP,0
PRY,0
EEN,1
GGY,1
LKL,0
GVW,0
IKP,0
PPF,1
ELL,1
LVR,0
GKP,0
FGG,1
YYY,1
GGP,1
IRP,0
NPP,0
AAP,0
YGY,1
LLP,0
PGI,1
GVV,1
LGL,1
FQP,0
GYK,0
DLP,0
DLL,1
GPG,1
GLL,1
PSY,0
LAA,0
LPG,0
RPG,1
ITT,0
FCF,0
FGF,1
GGV,1
PGL,0
PPG,1
IVR,0
KYY,0
PYP,0
APK,1
PLP,0
FLL,1
PAP,0
GLG,1
LSP,0
GFF,1
AIP,0
LAP,0
PPK,0
GYY,1
FFL,0
SLA,1
PLW,0
FPK,1
IPY,0
YPF,1
PIP,1
MYY,0
PQR,0
VYP,1
GHF,0
GYG,1
FIV,1
FPP,1
IWH,0
GFG,1
YYG,1
LNP,0
EGG,1
LGP,0
VIF,1
MNP,0
LLL,1
HLL,0
PFP,1
GLY,1
VVV,1
LVL,0
RRR,1
LTF,0
MKG,0
GRP,1
IYK,0
AKK,0
IVY,0
LIY,0
PLG,0
MKY,0
LGG,1
IRA,0
RGP,1
LLF,0
IAK,0
GPA,0
AFP,0
LQQ,0
IFG,0
NKL,0
LYP,0
LRL,1
FNQ,0
LRP,1
ADE,1
SHP,0
IKW,0
IL,1
EI,1
IE,1
FY,1
IF,1
AR,0
NY,0
LA,1
QG,0
VE,1
HL,0
EL,1
GS,0
MY,0
VA,1
YF,1
PF,1
YY,1
AG,0
SL,1
ID,1
AP,0
FP,1
AV,1
FR,0
GR,1
IQ,1
YP,1
GM,0
WL,1
RP,1
AL,1
GA,0
KA,0
IV,1
LL,1
LI,1
LV,1
IT,1
II,1
RG,1
IP,1
WW,1
IA,1
IY,0
DG,1
GG,0
VF,1
FG,1
FW,1
HY,0
QK,0
VY,1
EV,1
NG,0
GY,1
IN,1
RR,1
NF,0
AD,1
MF,0
LG,1
DA,1
IW,1
IG,1
HG,0
FL,1
KY,0
VI,1
AW,0
GQ,0
IK,1
RW,0
KR,0
WE,1
PA,1
PG,1
WP,1
DL,1
KL,0
PP,1
RF,1
RA,0
WF,1
CF,0
AF,1
RY,0
EF,1
EY,1
GK,0
MG,0
PI,1
KF,1
SF,0
EE,1
GL,1
EG,1
LE,1
VD,1
PL,1
VV,1
DY,1
LW,1
GI,1
RL,0
PR,1
KW,0
AY,0
YG,1
KP,1
VG,1
GT,0
LF,1
GH,0
VL,1
GE,1
DV,1
SG,0
NK,0
YL,1
GF,1
GW,1
KG,1
GV,1
LY,1
FF,1
GD,0
LD,1
IR,0
EA,1
PK,1
IS,1
AA,0
PY,1
GP,1
FI,1
FV,1
